staffid,staffname,Role,HireDate
51,Peter Watkins,Fine artist,2024-01-29
52,Isabella Tran,Biomedical engineer,2024-01-21
53,Darren David Jr.,Secondary school teacher,2023-02-14
54,Lauren Pope,Dentist,2021-01-31
55,Michael West,Editor commissioning,2020-05-27
56,Megan Cole,Microbiologist,2020-07-03
57,Gregory Smith,Nutritional therapist,2024-12-26
58,Troy Rollins MD,Biomedical engineer,2022-07-05
59,Eileen Hall,Estate agent,2021-09-26
60,Pamela Alexander,Teacher secondary school,2024-11-28
61,Lisa Nunez,Outdoor activities/education manager,2024-04-18
62,Melinda Fitzgerald,Architectural technologist,2020-02-19
63,Angela Duncan,Engineer broadcasting (operations),2023-04-12
64,Joshua Yang,Accountant chartered,2020-06-30
65,George Lindsey,Writer,2022-05-07
66,Nicole Benjamin,Passenger transport manager,2022-04-10
67,Brian King,Product designer,2023-01-29
68,Kimberly Robinson,Museum education officer,2023-07-18
69,Kimberly Williams,Music therapist,2023-11-20
70,Tammy Rogers,Scientist research (life sciences),2024-07-25
71,Michael Garcia,Scientist research (medical),2021-12-26
72,Carlos Jordan,Minerals surveyor,2022-11-13
73,Brian Rush,Fashion designer,2024-08-04
74,Laura Davis,Environmental education officer,2024-11-06
75,Julie Swanson,Hospital doctor,2024-03-23
76,Eric Fuller,Psychotherapist,2022-08-13
77,Don Rodriguez,Furniture designer,2022-05-27
78,Joshua Anderson,Colour technologist,2021-10-15
79,James Baker,Early years teacher,2022-03-06
80,Larry Lambert,Commercial/residential surveyor,2024-06-09
81,Ashley Bryan,Operations geologist,2021-06-25
82,Melissa Fletcher,Human resources officer,2023-02-28
83,Emily Wright,Amenity horticulturist,2020-06-29
84,Tammy Thomas,Office manager,2023-11-08
85,Dawn Miller,Insurance account manager,2023-06-11
86,Jason Cole,Quantity surveyor,2021-10-02
87,William Walker,Bonds trader,2024-11-18
88,Mandy Mitchell,Probation officer,2021-12-29
89,Kimberly Krause,Designer multimedia,2024-02-12
90,Kimberly Lloyd,Cabin crew,2022-10-16
91,Sharon Bell,Psychologist prison and probation services,2020-02-25
92,Bianca Flores,Estate agent,2025-01-09
93,Michael Compton,Art therapist,2020-02-25
94,Joshua Rodriguez,Acupuncturist,2024-09-29
95,Cristina Lynch,Legal secretary,2021-02-18
96,Jamie Larsen,Broadcast engineer,2023-02-24
97,Claudia Taylor,Higher education lecturer,2021-09-08
98,Danielle Hernandez,Clothing/textile technologist,2023-03-16
99,Kelly Espinoza,Software engineer,2021-01-29
100,David Blackwell,Historic buildings inspector/conservation officer,2020-08-20
101,Christina Brown,Careers adviser,2024-08-01
102,Austin Camacho,Chiropodist,2023-02-10
103,Katie Bailey,Hospital pharmacist,2024-07-09
104,Paige Yu,Glass blower/designer,2020-03-21
105,Matthew Shepard,Biochemist clinical,2022-08-25
106,Angela Wilkinson,Manufacturing engineer,2022-03-03
107,Mr. Edgar Schneider,Quarry manager,2020-08-17
108,Christopher Gardner,Counsellor,2025-01-12
109,Linda King,Systems developer,2022-10-14
110,Joshua Thompson,Chartered public finance accountant,2024-02-16
111,Dennis Morales,Records manager,2020-08-16
112,Christopher Kelly,Health service manager,2021-10-16
113,Matthew Hughes,Ceramics designer,2021-11-03
114,Yvonne Romero,Health visitor,2020-07-03
115,Lydia Snyder,Art gallery manager,2021-04-01
116,Vanessa Williams,Surveyor planning and development,2023-10-24
117,Peter Petty,Oncologist,2024-09-21
118,Melissa Hendricks,Immunologist,2023-05-19
119,Wesley Martinez,Corporate investment banker,2024-04-02
120,Kim Hubbard,Local government officer,2021-12-31
121,William White,Games developer,2022-04-11
122,Sarah Little,Recycling officer,2024-12-01
123,Laura Scott,Media planner,2023-12-11
124,Bonnie Horton,English as a second language teacher,2023-10-05
125,Jimmy Brown,Copywriter advertising,2020-09-21
126,Bailey Browning MD,Horticultural consultant,2022-05-09
127,Michelle Sanchez,Data processing manager,2023-03-28
128,Samantha Thomas,Tourist information centre manager,2021-04-30
129,Katherine Smith,Communications engineer,2023-10-01
130,Pamela Newman,Press sub,2022-05-23
131,Matthew Young,Insurance account manager,2023-04-14
132,John Fisher,Therapist occupational,2021-06-16
133,Paige Ashley,Herpetologist,2020-12-03
134,Samuel Drake,Financial risk analyst,2022-10-29
135,Yesenia Holland,Field seismologist,2023-11-06
136,Kathy Douglas,Control and instrumentation engineer,2021-04-17
137,Tamara Miller,Production assistant radio,2021-06-26
138,Heather Taylor,Copywriter advertising,2021-06-16
139,Samuel Jones,Wellsite geologist,2023-07-30
140,Nicole Hansen,Trading standards officer,2024-09-30
141,Lisa Allen,Development worker community,2024-02-12
142,Abigail Carlson,Fisheries officer,2022-06-30
143,Micheal Hall,Probation officer,2020-10-11
144,Lori Bowers,Engineer site,2023-11-30
145,Shane George,Waste management officer,2024-02-10
146,Jennifer Leblanc,Product manager,2020-04-28
147,Theodore Harris,Catering manager,2020-02-12
148,Ryan Miller,Occupational psychologist,2023-08-26
149,Kathryn Allen,Engineer biomedical,2021-01-17
150,Joseph Bennett,Retail banker,2022-03-01
151,Erin Zimmerman,Sports coach,2021-03-10
152,Victor Ortega,Jewellery designer,2020-04-15
153,Dr. Tristan Becker,Osteopath,2020-08-15
154,Maria Martin,Chiropodist,2025-01-12
155,Alyssa Garza,Special educational needs teacher,2022-02-24
156,Maria Johnson,Market researcher,2024-09-18
157,Adriana Molina,Environmental manager,2023-07-13
158,Shawn Hayden,Engineer civil (contracting),2023-01-21
159,Gabriel Weaver,Insurance broker,2021-06-19
160,Jean Nelson,Insurance claims handler,2023-11-18
161,Robert Wilson,Sports administrator,2023-10-28
162,Janice Morrison,Audiological scientist,2021-08-03
163,Steven Cohen,Herpetologist,2023-12-01
164,Patricia Perry,Soil scientist,2020-02-20
165,Ryan Chambers,Firefighter,2021-07-31
166,Carolyn Leonard,Pension scheme manager,2021-09-07
167,Tammy Tucker,Ceramics designer,2021-06-14
168,Derek Daniels,Community development worker,2022-03-30
169,Amanda Stephens,Designer interior/spatial,2021-05-10
170,Jaclyn Jenkins,Producer television/film/video,2021-01-22
171,Mrs. Jennifer Joseph MD,Engineer production,2024-06-23
172,John Ruiz,Scientist physiological,2022-08-05
173,Matthew Combs,Health service manager,2020-02-15
174,Seth Rhodes,Geochemist,2024-12-22
175,Christopher Thomas,Homeopath,2021-03-25
176,Charles Jackson,Engineering geologist,2020-11-25
177,Lauren Page,Recruitment consultant,2020-07-16
178,Mario Smith,Administrator,2022-07-14
179,James Buchanan,Pensions consultant,2024-07-02
180,Brandon Kirby,Commercial art gallery manager,2024-05-02
181,Wendy Meyer,Scientist research (physical sciences),2024-05-27
182,George Wright,Games developer,2020-03-27
183,Amanda Robinson,Conservator furniture,2022-11-08
184,Frank Meyer,Academic librarian,2020-11-26
185,Gregory Brown,Health physicist,2024-08-17
186,Patrick Hooper,Insurance account manager,2024-03-07
187,Russell Matthews,Designer exhibition/display,2024-09-04
188,Cheryl Clark,Radio producer,2022-07-13
189,Danielle Campbell,Investment analyst,2021-02-06
190,Susan Gibson,Medical technical officer,2021-03-05
191,Ashley Adkins,Marketing executive,2023-08-28
192,Sandra Brown,Materials engineer,2023-04-24
193,David Robinson,Surveyor mining,2024-08-19
194,Patricia Shaw,Pathologist,2021-01-21
195,Brian Warren,IT technical support officer,2022-05-27
196,Heather Hampton,Commercial/residential surveyor,2022-04-22
197,Stephen Osborne,Forest/woodland manager,2023-06-08
198,Vanessa Flores,Development worker community,2020-12-20
199,Roberto Henson,Regulatory affairs officer,2022-11-23
200,Patrick Thomas,Music therapist,2024-07-03
201,Dominique Dickerson,Systems analyst,2021-03-11
202,Dana Washington,Product designer,2023-10-16
203,Kelly Dickerson,Midwife,2021-12-10
204,Luis Watson,Doctor hospital,2021-05-20
205,Roberta Jones,Science writer,2021-06-26
206,Megan Johnson,Engineer civil (contracting),2022-04-05
207,Derrick Adkins,Furniture designer,2023-02-20
208,Abigail Jones,Film/video editor,2022-03-03
209,Dustin Brady,Site engineer,2024-08-05
210,Robert Cortez,Research scientist (life sciences),2020-05-25
211,Curtis Wong,Academic librarian,2024-04-13
212,Jennifer Knight,Surveyor building control,2022-12-13
213,Sharon Diaz,Scientist product/process development,2024-12-02
214,Chelsea Garrett,Private music teacher,2022-08-14
215,Ann Burgess,Agricultural engineer,2024-08-25
216,John Boyer,Osteopath,2021-08-18
217,Mr. Justin Willis,Paediatric nurse,2023-04-24
218,Sarah Blackwell,Geologist wellsite,2021-07-04
219,Roy Cisneros,Industrial/product designer,2021-04-12
220,Mr. Cory Perez,Engineer materials,2022-03-21
221,Joseph Russell,Film/video editor,2022-03-28
222,Tanya Wright,Research officer political party,2022-12-18
223,Bruce Miller,Physiological scientist,2023-03-11
224,Timothy Stone,Engineer maintenance,2024-09-29
225,Steven Cooper,Pensions consultant,2021-12-23
226,Nicole Williams,Higher education lecturer,2023-06-05
227,Chase Morgan,Firefighter,2022-12-24
228,Gregory Jensen,Art gallery manager,2024-02-14
229,Joseph Moyer,IT sales professional,2022-02-27
230,Erica Miles,Museum/gallery exhibitions officer,2022-10-28
231,Kristen Hurst,Forest/woodland manager,2024-09-20
232,Carl Russell,Engineer maintenance (IT),2023-04-26
233,Melissa Peters,Microbiologist,2021-08-14
234,Joshua Ortiz,Health and safety adviser,2023-10-24
235,Brandi Cook,Warehouse manager,2020-11-07
236,Ian Lara,Horticulturist amenity,2020-04-06
237,Mr. Gary Jackson,Photographer,2024-02-22
238,Pamela Adams,Acupuncturist,2023-09-09
239,Taylor Thompson,Academic librarian,2022-07-15
240,Robert Harris,Contractor,2024-03-09
241,Brett Lopez,Furniture designer,2022-10-18
242,Shari Allison,Petroleum engineer,2021-04-03
243,Charles Thompson,Lecturer further education,2024-09-15
244,Kimberly Harris,Financial risk analyst,2020-03-17
245,Vicki Erickson,Telecommunications researcher,2023-08-01
246,Eugene Barr,Surveyor building control,2024-08-26
247,Christian Gonzalez MD,Energy manager,2020-05-17
248,Janice Huber,Engineer electronics,2020-02-11
249,Oscar Peterson,Video editor,2020-02-18
250,Mason Hernandez,Building surveyor,2021-01-28
251,Kirsten Hall,Psychotherapist dance movement,2022-03-22
252,Kelsey Fuller,Psychologist counselling,2023-09-02
253,Perry Clayton,Investment banker corporate,2022-10-31
254,Diamond Taylor,Mining engineer,2021-06-29
255,Alec Morris,Food technologist,2021-12-31
256,Frank Townsend,Engineer materials,2023-05-12
257,Joseph Armstrong,Estate manager/land agent,2022-10-07
258,Chad Gonzalez,Chartered legal executive (England and Wales),2024-03-29
259,Yesenia Pearson,Clinical cytogeneticist,2020-01-29
260,Lee Coleman,Prison officer,2023-05-09
261,Meredith Baker,Editor film/video,2022-06-15
262,Nicholas Nelson,Soil scientist,2021-01-19
263,Jonathan Ramos,Environmental education officer,2023-05-21
264,Angel Edwards,Production engineer,2024-08-03
265,Dana Zuniga,Hospital pharmacist,2022-10-16
266,Jessica Burton,Legal executive,2023-12-19
267,Rachel Fernandez,Equality and diversity officer,2021-05-28
268,Timothy Shepherd,Financial adviser,2023-02-02
269,Emily Becker,Historic buildings inspector/conservation officer,2021-02-26
270,Allen Lambert,Recycling officer,2024-01-20
271,James Hernandez,Trade union research officer,2021-10-14
272,Amanda Howell,Lexicographer,2020-04-26
273,Robert Padilla,Nurse mental health,2023-01-29
274,Kevin Nelson,Newspaper journalist,2024-05-26
275,Samantha Steele,Geoscientist,2021-01-22
276,Joe Wall,Arboriculturist,2024-11-10
277,Lisa Ward,Catering manager,2021-11-15
278,Gary Parrish,Database administrator,2021-01-18
279,Terri Hicks,Contracting civil engineer,2023-03-31
280,Paul Moreno,Runner broadcasting/film/video,2024-12-16
281,Gerald Powers,Lawyer,2021-12-23
282,Jesse Lopez,Nutritional therapist,2023-06-11
283,April Padilla,Horticultural consultant,2023-12-12
284,Rachel Atkins,Sales promotion account executive,2022-09-27
285,Gabrielle Johnston,Designer blown glass/stained glass,2023-06-14
286,Kathryn Bernard,Nurse children's,2021-12-15
287,Oscar Rosario,Early years teacher,2023-11-23
288,Brianna Walker,Logistics and distribution manager,2020-11-02
289,John Daugherty,Microbiologist,2024-04-30
290,Mrs. Kristen Oneal,Commercial/residential surveyor,2023-10-04
291,Matthew Lopez,Sales promotion account executive,2024-02-22
292,Jeffrey Sanchez,English as a second language teacher,2022-01-12
293,Robert Martin,Agricultural engineer,2020-09-24
294,Robert Graham,Health promotion specialist,2021-11-05
295,Leslie Ayala,Air cabin crew,2020-12-20
296,Randy Nguyen,Armed forces operational officer,2021-12-05
297,Elizabeth Johnson,Physiotherapist,2024-07-30
298,Kimberly Hampton,Estate manager/land agent,2021-08-28
299,Matthew Nichols,Insurance account manager,2024-10-28
300,Kimberly Hughes,Herbalist,2020-12-01
301,Kenneth Whitney,Geophysical data processor,2020-07-15
302,Mark Watkins,Exercise physiologist,2024-01-03
303,Gerald Love,Public relations account executive,2021-06-10
304,David Wolfe,Teacher English as a foreign language,2020-04-11
305,Christine Stafford,Surgeon,2022-01-29
306,Thomas Robbins,Scientist physiological,2021-01-16
307,Sarah Hatfield,Amenity horticulturist,2024-02-06
308,Bruce Miles,Local government officer,2023-05-04
309,Ryan Chen,Sub,2021-07-14
310,Julie Davis,Engineer biomedical,2021-12-13
311,John Hanson,Environmental health practitioner,2021-09-04
312,Erica Ramirez,Optician dispensing,2024-01-31
313,Kim Nielsen,Public affairs consultant,2024-01-28
314,James Turner,Engineer technical sales,2024-02-08
315,Jordan Marshall,Ship broker,2022-09-28
316,Anthony Phelps,Chief Marketing Officer,2022-02-16
317,Mandy Wright,Psychologist counselling,2023-11-17
318,Michael Williams,Engineer drilling,2023-12-14
319,Vincent Brown,Operational investment banker,2022-05-31
320,Jennifer Burns,Regulatory affairs officer,2021-07-21
321,David Hanson,Operational investment banker,2024-12-02
322,Nichole Saunders,Town planner,2023-05-14
323,Hannah Hughes,Building services engineer,2023-11-30
324,Ashley King,Phytotherapist,2024-01-28
325,James Ferguson,Engineer aeronautical,2023-09-15
326,April Sanchez,Probation officer,2024-06-16
327,Kimberly Norton,Associate Professor,2022-06-18
328,Keith White,Editor commissioning,2024-09-04
329,Gregory Rowe,Health promotion specialist,2021-02-04
330,Mr. David Spence,Archaeologist,2021-03-23
331,Courtney Marsh,Engineer broadcasting (operations),2022-04-02
332,Angel Doyle,Medical physicist,2021-10-31
333,Joseph Estrada,Scientist clinical (histocompatibility and immunogenetics),2020-12-13
334,Denise Jones,Clinical research associate,2022-06-24
335,William Gibson,Musician,2024-09-11
336,Mark Meadows,Engineer technical sales,2020-05-15
337,Erin Lane DDS,Media buyer,2024-02-01
338,Justin Fleming,Academic librarian,2020-02-17
339,Maureen Sanders,Clinical embryologist,2022-09-06
340,Omar Dixon,Psychologist forensic,2023-12-02
341,Emma Johnson,Occupational therapist,2020-03-19
342,Kevin Rivera,Wellsite geologist,2020-11-20
343,Cody Peters,Health service manager,2024-10-29
344,David Martin,Public relations officer,2022-12-01
345,John Mckinney,Engineer control and instrumentation,2024-06-27
346,Kelly Solomon,Dramatherapist,2023-05-24
347,Cynthia Callahan,Purchasing manager,2022-06-03
348,John Evans,Mechanical engineer,2024-12-12
349,Keith Rodriguez,Higher education careers adviser,2020-03-26
350,Lindsey Ellis,Police officer,2022-11-02
351,Kathryn Anderson,Teacher primary school,2023-12-13
352,Jared Oneill,Scientific laboratory technician,2020-09-23
353,Lindsey Ferrell,Automotive engineer,2022-05-27
354,Laurie Taylor,Records manager,2020-12-11
355,Jessica James,Land/geomatics surveyor,2023-07-19
356,Rebecca Clark,Stage manager,2023-07-23
357,Ashley Smith,Electronics engineer,2021-09-12
358,Taylor Chen,Call centre manager,2020-04-10
359,James Waters,Colour technologist,2021-10-03
360,Clifford Porter,Solicitor Scotland,2024-10-25
361,Tracy Hudson,Communications engineer,2023-06-17
362,Anthony Campbell,Architectural technologist,2025-01-10
363,Russell Case,Conservation officer historic buildings,2023-03-29
364,Jordan Mccoy,Editor commissioning,2021-08-26
365,Nathan Flowers,Toxicologist,2023-11-14
366,Alicia Miller,Translator,2023-05-01
367,Rebecca Ruiz,Legal executive,2024-09-30
368,Teresa Mcdowell,Secretary/administrator,2022-11-07
369,Joseph Erickson,Forensic scientist,2023-03-13
370,Anthony Young,Editor commissioning,2024-07-17
371,Tonya Carter,Surveyor commercial/residential,2024-05-24
372,Richard Smith,Pension scheme manager,2024-04-19
373,Karla Snyder,Pharmacologist,2021-03-12
374,Erin Flores,Logistics and distribution manager,2022-06-17
375,Malik Hernandez,Therapist speech and language,2024-06-14
376,Amy Smith DVM,Scientist biomedical,2020-09-16
377,Richard Guzman,Mining engineer,2021-05-12
378,Angela Saunders,Music tutor,2024-05-31
379,Elizabeth Mitchell,Information systems manager,2020-05-16
380,Mrs. Nicole Dunn,Speech and language therapist,2022-01-29
381,Robert Norris,Learning mentor,2023-05-06
382,Tonya Smith,Adult guidance worker,2021-04-27
383,Deborah Wu,Television production assistant,2024-01-19
384,Kevin Brooks,Interior and spatial designer,2020-05-26
385,Brooke Wagner,Marketing executive,2024-10-13
386,Martha Atkinson,Publishing copy,2024-07-25
387,Andrea Pollard,Paramedic,2021-12-22
388,Aaron Hart,Merchant navy officer,2021-10-15
389,Jennifer Roberts,Industrial buyer,2023-12-28
390,Jason Parker,Psychiatric nurse,2024-12-30
391,George King,Pensions consultant,2024-03-31
392,Jennifer Owens,Estate manager/land agent,2021-08-05
393,Tina Dorsey,Tourist information centre manager,2022-12-22
394,Maria Robertson,General practice doctor,2020-06-22
395,Eric Johnston,Fine artist,2020-01-21
396,Andrew Pierce,Mining engineer,2020-07-12
397,Donna Hall,Health and safety adviser,2023-02-18
398,Kristin Walsh,Public relations officer,2024-08-23
399,Kelsey Bennett,Buyer retail,2021-06-27
400,William Castillo,Bookseller,2020-05-07
401,William Diaz,Youth worker,2023-07-25
402,Timothy Grant,Press sub,2021-02-28
403,Nicole Wood,Plant breeder/geneticist,2020-12-10
404,Daniel Stewart,Scientist clinical (histocompatibility and immunogenetics),2022-03-04
405,Christopher Maxwell,Graphic designer,2020-12-20
406,Carmen Collins,Teacher English as a foreign language,2021-07-18
407,Michelle Osborn,Airline pilot,2020-10-25
408,Ruth Bauer,Media planner,2023-11-22
409,Kristi Duarte,Therapist art,2020-09-19
410,Gloria Stewart,Surveyor minerals,2021-08-21
411,Randy Wilson,Armed forces training and education officer,2022-06-16
412,Timothy Avila,Sport and exercise psychologist,2024-06-05
413,Danielle Orozco,Chiropodist,2023-09-26
414,Robert Hess,Administrator arts,2024-04-12
415,Emily Rice,Animal nutritionist,2021-08-13
416,Eric Chavez,Electrical engineer,2025-01-03
417,Ronald Hunter,Charity officer,2020-04-26
418,Curtis Green,Company secretary,2021-09-10
419,Brett Munoz,Occupational hygienist,2024-01-11
420,Shelby Mahoney,Soil scientist,2024-08-03
421,Diane Murphy PhD,Meteorologist,2021-03-04
422,Jennifer Jones,Editor magazine features,2024-06-21
423,Alec Murphy,Librarian academic,2022-12-24
424,Julian Forbes,Geologist wellsite,2024-11-25
425,Kyle Porter,Contracting civil engineer,2020-07-31
426,Amy Ruiz,Designer multimedia,2021-11-19
427,Seth Sexton,Sales promotion account executive,2025-01-03
428,Jeffrey Lee,Chartered certified accountant,2023-09-26
429,James Davis,Electrical engineer,2021-02-15
430,Dennis Duarte,Surveyor minerals,2021-05-29
431,Beth Warren,Careers information officer,2020-09-01
432,Jonathan Adkins,Theatre stage manager,2021-07-24
433,Jennifer Santiago,Lexicographer,2021-08-06
434,Jason Calderon,Fashion designer,2021-11-02
435,Maria Lopez,Restaurant manager,2023-03-27
436,Lisa Cook,Sports administrator,2021-03-27
437,Emily Ramirez,Chief Marketing Officer,2023-08-13
438,William Smith,Health and safety adviser,2021-07-05
439,Danielle Clarke,Communications engineer,2022-10-21
440,Amanda Ball,Gaffer,2021-01-24
441,Michael Gordon,Furniture conservator/restorer,2020-02-15
442,Bonnie Paul,Engineer communications,2023-08-28
443,Ernest Wiley,Multimedia programmer,2021-07-19
444,Robert Walker,Charity fundraiser,2025-01-04
445,Olivia Flores,Energy engineer,2024-11-13
446,Nicholas Gomez,Legal executive,2022-02-10
447,Thomas Newton,Animal nutritionist,2023-03-19
448,Arthur Nolan,Medical technical officer,2020-02-18
449,Patricia Tapia,Event organiser,2024-02-29
450,Jason Franklin,Radiographer therapeutic,2020-11-12
451,Christopher Hawkins,Sports administrator,2024-01-14
452,Sean Thompson,Lighting technician broadcasting/film/video,2024-09-03
453,Joseph Mason,Public house manager,2022-05-18
454,Daisy Rios,Recycling officer,2024-06-14
455,Angel Oconnor IV,Sport and exercise psychologist,2022-08-15
456,Tyler Johnson,Osteopath,2024-07-17
457,Danielle Calderon,Engineer mining,2021-06-05
458,Judy Wright,Programmer multimedia,2021-11-28
459,Brianna Mosley,Marine scientist,2024-01-03
460,Kristine Kim,Acupuncturist,2023-02-14
461,Jennifer Brady,Astronomer,2020-04-14
462,Misty Barrett,Sub,2024-06-13
463,Julie Franklin,Public affairs consultant,2024-11-03
464,Katie Brown,Scientist research (life sciences),2023-07-18
465,Christopher Baldwin,Tourist information centre manager,2024-02-23
466,Dylan Parker,Careers information officer,2023-07-26
467,Jacob Grant,Engineer manufacturing,2021-12-08
468,James Ramirez,Microbiologist,2022-11-18
469,Kimberly Wood,Naval architect,2025-01-15
470,Craig Smith,Chartered legal executive (England and Wales),2020-05-06
471,Kristin Clark,Engineer land,2023-02-01
472,Cody Johnson,Communications engineer,2022-01-15
473,Edward Fleming,Doctor hospital,2020-05-21
474,Adam Griffin,Surveyor mining,2022-08-29
475,Rhonda Key,Accountant chartered certified,2023-04-29
476,Sharon Ellison,Catering manager,2022-08-25
477,Carrie Ramirez,Engineer technical sales,2022-04-28
478,Robert Griffin,Management consultant,2024-10-17
479,Brenda Wood,Government social research officer,2023-08-12
480,Jennifer Olson,Designer multimedia,2024-11-18
481,Heather Peterson,Database administrator,2021-08-19
482,John Bentley,Human resources officer,2020-05-27
483,Vanessa Mcmahon,Ceramics designer,2022-11-08
484,Crystal Carey,Technical sales engineer,2020-01-24
485,Vanessa Castillo,Equality and diversity officer,2022-01-13
486,Ronald Anderson,Engineer biomedical,2020-07-13
487,Lauren Brown,Animal nutritionist,2024-07-06
488,Matthew Butler,Higher education lecturer,2022-03-25
489,Henry Mercado,Geophysical data processor,2024-06-07
490,Alexis Watkins,Administrator sports,2022-08-04
491,James Tucker,Scientist audiological,2022-10-22
492,Pamela Mcclain,Accommodation manager,2020-06-05
493,Alexis Simpson,Chief Financial Officer,2023-05-06
494,Angela Rhodes,Telecommunications researcher,2022-07-23
495,Kristin Hill,Geologist wellsite,2020-12-02
496,Stephanie Wood,Lecturer higher education,2022-10-12
497,Courtney Page,Civil Service administrator,2021-05-25
498,Tiffany Fisher,Scientist product/process development,2022-03-28
499,Mrs. Chelsea Banks,Chemist analytical,2023-10-28
500,James Gibson,Technical brewer,2021-03-18
501,Christopher Allison,Insurance risk surveyor,2023-05-20
502,Jade Chase,Manufacturing engineer,2022-11-05
503,Robin Jennings,Engineer maintenance (IT),2023-09-29
504,Angelica Lucas,Ranger/warden,2021-07-26
505,Candice Blankenship,Oceanographer,2024-07-17
506,Glenn Sanders,Jewellery designer,2023-03-07
507,Lori Molina,Cytogeneticist,2021-02-22
508,Teresa Goodman,Designer blown glass/stained glass,2021-10-18
509,Sherry Nelson,Architectural technologist,2021-06-11
510,Grant Gomez,Television production assistant,2020-09-01
511,Heather Reyes,Print production planner,2020-05-27
512,William Brown,Fashion designer,2021-02-08
513,Gina Johnson,Commercial art gallery manager,2024-10-18
514,Samantha Butler,Museum/gallery conservator,2024-05-31
515,Sonia Carson,Administrator arts,2023-09-09
516,Mary Wright,Health physicist,2020-02-05
517,Heather Mckay MD,Theatre stage manager,2021-07-16
518,Phillip Mcguire,Geophysical data processor,2021-05-20
519,Sheri Mcgee,Dispensing optician,2024-12-07
520,Nathan Ramirez,Conservator furniture,2022-03-17
521,Ronald Johnson,Corporate treasurer,2024-11-10
522,Michelle Jackson,Engineer production,2022-03-03
523,Tracy Johnson,Colour technologist,2023-05-20
524,Trevor Freeman,Scientist clinical (histocompatibility and immunogenetics),2023-04-23
525,Lauren Mccormick,Sub,2024-07-08
526,Jacqueline Banks,Scientist research (maths),2024-06-16
527,Patrick Wallace,Education officer community,2021-05-04
528,Kevin Wolfe,Engineer building services,2023-02-07
529,Terry Perez,Accommodation manager,2022-03-14
530,Carlos Koch,Aeronautical engineer,2023-08-30
531,Steven Freeman,Hydrographic surveyor,2020-12-15
532,Janice Johnson,Brewing technologist,2020-06-02
533,Stacey Ward,Facilities manager,2024-08-06
534,Kenneth Cooper,Geophysical data processor,2024-01-05
535,Alexander Baker,Homeopath,2022-02-02
536,Louis Andrews,Media buyer,2021-12-22
537,Christine Martin,Management consultant,2024-10-30
538,Adam Marshall,Education administrator,2020-07-28
539,Sierra Preston,Production manager,2023-05-26
540,Tara Smith,Housing manager/officer,2023-07-10
541,David Lutz,Local government officer,2021-01-17
542,Christopher Sullivan,Designer interior/spatial,2020-09-28
543,Michele Jones,Pension scheme manager,2022-06-03
544,Eric Carr,Field trials officer,2023-08-14
545,Rebecca White,Firefighter,2022-04-02
546,Vanessa Chen,Engineer agricultural,2021-03-05
547,Thomas Montgomery,Chartered public finance accountant,2022-06-01
548,Michael Wallace II,Planning and development surveyor,2022-01-11
549,Travis Cabrera,Development worker community,2023-10-28
550,Brandi Miller,Estate manager/land agent,2022-11-17
551,Anna Taylor,Teacher English as a foreign language,2020-12-22
552,Christine Allen,Surveyor commercial/residential,2024-06-09
553,Julie Miller,Warehouse manager,2021-05-01
554,Jennifer Sanchez,Engineer petroleum,2020-07-03
555,Daniel Taylor,Chartered certified accountant,2022-05-01
556,Luke Robinson,Biochemist clinical,2020-09-07
557,William Li,Designer graphic,2021-06-04
558,Andrew Gordon,Engineer site,2023-06-02
559,Laura Brown,Press photographer,2021-10-23
560,Molly Jacobs,Pharmacologist,2020-07-24
561,Matthew Castro,Psychotherapist dance movement,2021-05-17
562,Ellen Lee,Administrator education,2023-08-01
563,Matthew Padilla,Emergency planning/management officer,2024-05-13
564,Jonathan Velazquez,Analytical chemist,2022-05-24
565,John Jones,Presenter broadcasting,2024-02-21
566,James Cisneros,Financial planner,2023-06-19
567,Dr. Logan Rodriguez,Engineering geologist,2023-05-01
568,Ronald Gonzalez,Wellsite geologist,2021-06-19
569,Michael Richards,Jewellery designer,2021-01-25
570,Michael Foster,Environmental health practitioner,2021-08-02
571,Gabriella Phillips,Control and instrumentation engineer,2023-08-15
572,John May,Government social research officer,2024-06-21
573,Bradley Kane,Local government officer,2020-08-08
574,Annette Stephens,Research scientist (maths),2022-12-22
575,Zoe West,Lawyer,2022-01-19
576,Alicia Smith,Human resources officer,2022-10-07
577,Aaron Stewart,Loss adjuster chartered,2021-07-08
578,Martin Jones,Engineer electronics,2021-07-22
579,James Lawrence,Ergonomist,2024-10-31
580,Rachel Barber,Psychologist clinical,2024-06-19
581,Barbara Ellis,English as a foreign language teacher,2024-10-21
582,Brian West,Designer textile,2020-09-09
583,Michael Barker,Nurse adult,2020-09-15
584,Mary Cunningham,Private music teacher,2023-05-04
585,Alexander Carroll,Professor Emeritus,2024-09-19
586,Stephen Wong,Equality and diversity officer,2021-07-24
587,Shawn Garcia,Chief Executive Officer,2020-10-04
588,Bruce Morgan,Scientist forensic,2022-03-27
589,Ann Stewart,Police officer,2021-07-23
590,Denise Sherman,Lawyer,2023-04-16
591,Gina Ryan,Teacher special educational needs,2024-09-13
592,Wendy Prince,Scientist biomedical,2024-03-09
593,Jennifer Brock,Ecologist,2022-08-16
594,Julia Simon,Sales executive,2021-08-21
595,Pamela Ingram,Editor magazine features,2020-05-09
596,Darlene Rhodes,Marketing executive,2023-10-18
597,Eric Christensen,Psychologist counselling,2020-07-28
598,Spencer Stone,Nurse children's,2022-11-25
599,Amanda Garcia,Accountant chartered,2020-05-08
600,Carrie Morgan,Special educational needs teacher,2022-04-22
601,Stephen Armstrong,Facilities manager,2021-07-14
602,Emily Kelly,Retail buyer,2021-01-17
603,Stacey Martin,Animal nutritionist,2022-02-08
604,Michael Blevins,Conservation officer historic buildings,2022-03-25
605,Randy Ruiz,Restaurant manager fast food,2022-07-04
606,Maria Russell,Research scientist (maths),2021-11-19
607,Stephanie Brown,Legal secretary,2022-05-21
608,Sharon Ayala,Engineer automotive,2020-09-17
609,Katherine Lee,Therapist art,2022-12-01
610,Gregory Swanson,Engineer mining,2023-08-11
611,Steven Steele,Advertising copywriter,2023-12-08
612,Tamara Nichols,Sales executive,2020-12-26
613,Mark Edwards,Soil scientist,2022-09-13
614,Brandi Cole,Recycling officer,2024-01-30
615,Molly Smith,Commissioning editor,2024-04-01
616,Ann Russo,Exercise physiologist,2023-04-26
617,Angela Moore,Clinical psychologist,2021-04-24
618,Reginald Rollins,TEFL teacher,2023-06-06
619,Carrie Rios,Designer ceramics/pottery,2022-10-17
620,John Miller,Psychologist clinical,2023-04-16
621,Kathy Griffin,Dancer,2021-03-24
622,John Webb,Building surveyor,2023-05-06
623,Nancy Martin,Furniture conservator/restorer,2024-11-23
624,Shane Lewis,Haematologist,2021-10-27
625,Ashlee Vance,Journalist broadcasting,2021-09-04
626,Francisco Ward,Radiographer therapeutic,2021-07-27
627,Mary Mclean,Health visitor,2024-09-05
628,Angela Ramsey,Therapeutic radiographer,2024-01-25
629,Ashley Hicks,Data scientist,2020-04-22
630,Jeffrey Torres,Minerals surveyor,2021-03-11
631,James Edwards,Furniture designer,2021-12-05
632,Jacob Garcia,Quantity surveyor,2023-09-16
633,Kayla Mathis,Biomedical scientist,2023-01-30
634,Margaret Morris,Tax inspector,2020-01-21
635,Shelly Rogers,Energy manager,2025-01-10
636,Nancy Walls,Commercial/residential surveyor,2023-12-12
637,Jennifer Miller,Administrator arts,2021-08-04
638,Kevin Decker,Insurance claims handler,2021-06-02
639,Patricia Barrett,Embryologist clinical,2022-10-29
640,Mary Daniels,Accountant chartered,2021-03-19
641,Danny Miles,Operations geologist,2020-10-12
642,David Meadows,Copy,2020-08-17
643,Stephanie Hill,Warden/ranger,2020-04-27
644,Kayla Edwards,Therapist occupational,2021-06-22
645,Carolyn Taylor,Bookseller,2021-08-07
646,Anna Edwards,Quality manager,2023-08-26
647,Ashley Underwood,Estate manager/land agent,2022-11-01
648,Sara Martin,Therapist speech and language,2023-03-01
649,James Lewis,Site engineer,2022-08-06
650,Lucas Taylor,Quantity surveyor,2020-06-25
651,Joseph Flowers,Hydrogeologist,2021-05-21
652,Kevin Thompson,Geophysicist/field seismologist,2021-11-13
653,Carolyn Hamilton,Animal technologist,2021-04-26
654,Melissa Kelley,Illustrator,2023-02-16
655,Antonio Lewis,Operations geologist,2021-06-06
656,Olivia White,Medical secretary,2024-01-16
657,Thomas Lee,Chiropractor,2023-08-01
658,Alexander Myers,Chartered management accountant,2023-06-12
659,Gregory Young,Data processing manager,2023-08-06
660,William Thomas,Information systems manager,2024-01-13
661,Desiree Orr,Consulting civil engineer,2023-09-10
662,Gregory Meyer,Agricultural engineer,2021-11-26
663,Teresa Vasquez,Administrator arts,2023-03-27
664,Todd Moore,Trading standards officer,2023-10-15
665,Lauren Coleman,Printmaker,2023-02-10
666,Rebecca Paul,Market researcher,2020-12-20
667,Courtney Bennett,Biomedical engineer,2024-02-04
668,Mark Beck,Occupational hygienist,2020-12-11
669,Brian Kim,Health visitor,2021-10-22
670,John Baker,Sales executive,2024-05-04
671,Ann Alexander,Landscape architect,2023-03-03
672,Derek Wong,Microbiologist,2023-10-15
673,John Mack,Furniture designer,2024-09-04
674,Tiffany Meadows,Education officer community,2024-08-07
675,Cindy Bates,Health service manager,2020-11-06
676,Catherine Walker,Horticulturist amenity,2024-05-26
677,Tyler Price,Product/process development scientist,2023-07-24
678,Rachel Henry,Chiropractor,2020-12-23
679,Robert Williams,Retail banker,2020-01-21
680,Kelsey Parker,Surveyor minerals,2021-10-08
681,Shane Cunningham,Radiation protection practitioner,2021-04-27
682,David Garcia,Exercise physiologist,2023-12-03
683,John Klein,Visual merchandiser,2021-07-17
684,Paul Mcdonald,Personnel officer,2020-07-19
685,Todd Castillo,Product designer,2021-03-20
686,Shane Perez,Phytotherapist,2023-12-21
687,Briana Banks,Primary school teacher,2023-07-15
688,Dylan Holloway,Financial manager,2020-03-04
689,Valerie Krause,Building services engineer,2024-05-02
690,Eileen Bond,Recruitment consultant,2022-01-15
691,Courtney Robinson,Editorial assistant,2020-10-15
692,Luis Rich,Engineer aeronautical,2023-12-04
693,Jonathan Bailey,Regulatory affairs officer,2021-03-15
694,Dennis Bruce,Risk manager,2024-07-28
695,Mr. John Castillo,Engineer chemical,2024-05-28
696,Alicia Castro,Sound technician broadcasting/film/video,2022-05-22
697,Lisa West,Secretary company,2020-07-01
698,Jeffrey Crane,Lawyer,2020-09-09
699,Christopher Reyes,Investment banker corporate,2021-12-29
700,Donna Cortez,Data processing manager,2020-03-01
701,Michael Williams,Corporate treasurer,2021-06-15
702,Brian Moore,Trade union research officer,2023-10-27
703,Patrick Brewer,Surgeon,2022-01-26
704,Joseph Robinson,Arboriculturist,2022-12-14
705,Elizabeth Mack,Systems analyst,2023-07-11
706,Anna Ramirez,Agricultural engineer,2021-09-17
707,Nichole Coleman,Public relations officer,2023-02-11
708,Sheila Price,Geochemist,2020-04-01
709,Amber Rojas,Buyer retail,2021-01-29
710,Jessica Cooper,Designer multimedia,2024-07-24
711,Michael Jones PhD,Contracting civil engineer,2023-04-17
712,Michael Hill,Leisure centre manager,2023-08-28
713,Tonya Parsons,Dancer,2021-06-07
714,Christina Pruitt,Careers adviser,2022-04-11
715,Justin Mcconnell,Accountant chartered certified,2020-05-15
716,Angela Adams,Commissioning editor,2020-08-08
717,Crystal Carter,Rural practice surveyor,2020-02-05
718,Jennifer Gibson,Clinical research associate,2022-03-05
719,Eric Mcmahon,Engineer chemical,2023-07-07
720,Mark Hernandez,Health service manager,2024-02-19
721,Kimberly Chapman,Chartered accountant,2023-04-24
722,Craig Watkins,Building control surveyor,2021-02-05
723,Anne Gutierrez,Building surveyor,2021-07-27
724,Kelly Hawkins,Chemist analytical,2022-09-08
725,Juan Smith,Scientist clinical (histocompatibility and immunogenetics),2021-08-15
726,John Braun,Cartographer,2024-04-12
727,Jennifer Smith,Waste management officer,2023-09-03
728,Dawn Hood,Radiographer diagnostic,2022-10-09
729,Julian Murray,Dance movement psychotherapist,2021-03-02
730,Lacey Young,Surveyor building,2020-12-02
731,John Porter,Tourist information centre manager,2021-08-10
732,Alexa Porter,Freight forwarder,2020-02-13
733,Brandon King,Barista,2024-10-17
734,Cory Tucker,Actor,2022-08-08
735,Rachel Williams,Commercial/residential surveyor,2021-01-09
736,Eric Mcdonald,Counselling psychologist,2021-01-30
737,Cheryl Smith,Rural practice surveyor,2024-04-11
738,Jacqueline Koch,Editor film/video,2020-12-01
739,Patricia Bell,Community arts worker,2022-01-11
740,Jonathan Weber,Event organiser,2020-05-13
741,Heather Kennedy,Town planner,2023-12-17
742,Jordan Brown,Journalist broadcasting,2023-08-16
743,Amber Myers,Production designer theatre/television/film,2020-06-14
744,Elizabeth Gonzalez,Cytogeneticist,2023-09-05
745,Paula Taylor,Careers adviser,2024-02-21
746,Michael Thomas,Community education officer,2020-12-11
747,Katie Gordon,Exhibitions officer museum/gallery,2020-06-17
748,Matthew Harrison,Solicitor,2024-09-11
749,Jennifer Black,Counselling psychologist,2021-06-28
750,Eddie Villegas,Engineer water,2022-05-18
751,Kenneth Mendez,Health service manager,2024-03-06
752,Lindsey Farrell,Land/geomatics surveyor,2024-11-12
753,Mary Blake,Child psychotherapist,2023-06-05
754,John Thomas,Archaeologist,2022-10-16
755,Francis Cole,Financial controller,2023-12-27
756,Adrienne Carter,Retail merchandiser,2024-05-09
757,James Davis,Production assistant radio,2021-10-04
758,William Benitez,Translator,2020-02-23
759,Justin Stewart,Airline pilot,2020-09-25
760,Karen Robinson,Technical author,2024-06-04
761,Michael Burton,Naval architect,2021-12-21
762,Preston Ballard,Learning mentor,2021-09-30
763,Christopher Diaz,Facilities manager,2021-04-06
764,Shane Chavez,Mudlogger,2020-05-31
765,Kimberly Walter,Engineer control and instrumentation,2021-06-27
766,Eric Henry,Tourist information centre manager,2022-04-07
767,Jo Brown,Ecologist,2022-02-18
768,Tami Stafford,Conservation officer nature,2023-07-26
769,Thomas Nelson,Multimedia specialist,2021-08-25
770,John Hawkins,Editor magazine features,2022-07-26
771,Kristine Smith,Health service manager,2024-01-24
772,Amber Burgess,Lecturer higher education,2021-07-23
773,Kelly Myers,Interpreter,2022-08-18
774,Jason Brown,Soil scientist,2020-07-28
775,Lindsey Nelson MD,Mudlogger,2022-10-15
776,Jackie Herrera,Printmaker,2020-02-21
777,Mr. Joseph Chapman DVM,Community pharmacist,2021-05-29
778,Joseph Gutierrez,Therapist horticultural,2022-04-24
779,Sean Ramirez,Medical technical officer,2022-10-06
780,Jennifer Walker,Chemist analytical,2021-09-20
781,Rachel Williams,Geologist wellsite,2023-08-11
782,Anthony Roberts,Textile designer,2021-06-23
783,Melinda Woods,Exhibitions officer museum/gallery,2024-01-21
784,Michael Rocha,Farm manager,2024-01-05
785,Olivia Burns,Teacher primary school,2022-06-04
786,Christopher Mullins,Investment banker operational,2022-06-08
787,Allison Brooks,Fish farm manager,2023-10-02
788,David Daugherty,Brewing technologist,2020-03-23
789,Shannon Martin,Financial trader,2023-08-31
790,Oscar Turner,Chartered management accountant,2021-11-29
791,Denise Phillips,Oncologist,2020-09-16
792,Christopher Ellis,Clothing/textile technologist,2022-06-30
793,Christopher Moore,Diagnostic radiographer,2022-10-01
794,Robert Byrd,Engineer maintenance (IT),2020-12-01
795,Lauren Roberts,Make,2024-10-23
796,Susan Montoya,Secretary/administrator,2022-12-14
797,Nicholas Choi,Product designer,2023-09-01
798,Lisa Martinez,IT sales professional,2022-08-06
799,Michelle Griffin,Accommodation manager,2024-06-25
800,Jennifer Smith,Psychologist occupational,2024-04-28
801,Courtney Thompson,Arts administrator,2021-04-20
802,Steven Perez,Computer games developer,2020-05-11
803,Christopher Hernandez,Warehouse manager,2024-02-02
804,Jared Adkins,Clinical molecular geneticist,2022-11-28
805,Melissa Nash,Engineer electronics,2021-03-01
806,Amy Shaw,Travel agency manager,2021-10-23
807,Carolyn Wood,Corporate treasurer,2022-03-26
808,Michael Stephenson,Surveyor building,2024-12-01
809,Kimberly Collins,Housing manager/officer,2023-11-17
810,Kimberly Duffy,Pension scheme manager,2024-07-20
811,Brandon Robertson,Careers information officer,2023-11-16
812,Courtney Parker,Oncologist,2023-01-25
813,Ann Gibson,Immigration officer,2024-03-07
814,Stephen Douglas,Tourism officer,2021-10-23
815,Kathleen Myers,Insurance underwriter,2022-04-17
816,Stephanie Porter,Designer ceramics/pottery,2020-10-26
817,David Wilcox,Producer radio,2024-07-24
818,Judy Stevenson,Engineer manufacturing,2024-09-07
819,Dana Solomon,Government social research officer,2022-02-27
820,Kathleen Turner,Microbiologist,2022-04-22
821,Gregory Fuentes,Brewing technologist,2024-11-05
822,Wendy Lopez,Ceramics designer,2023-12-03
823,Brandy Holland,Sales promotion account executive,2021-06-12
824,Dr. Amanda Parker,Lecturer higher education,2021-11-10
825,Jacqueline Bird,Counselling psychologist,2020-12-31
826,Rebecca Gardner,Food technologist,2022-07-01
827,Lisa Savage,Medical illustrator,2024-01-21
828,Sheila Lewis,Accountant chartered public finance,2021-07-01
829,Evelyn Martin,Paramedic,2024-07-22
830,Ashley Barrera,Broadcast presenter,2021-06-28
831,James Allison,Acupuncturist,2020-03-22
832,Tyler Mcguire,Hospital pharmacist,2023-07-13
833,Tamara Cooper,Energy engineer,2021-04-13
834,Courtney Wise,Hotel manager,2021-04-17
835,Dr. Sonia Palmer DDS,Visual merchandiser,2024-04-07
836,Kelly Romero,Special effects artist,2020-04-02
837,Larry Holland,Psychologist sport and exercise,2023-10-25
838,Stephen Fowler,Producer radio,2021-04-21
839,Amy Barker,Politician's assistant,2021-12-01
840,Jennifer Barrett,Arts administrator,2023-11-13
841,Jennifer Snow,Psychotherapist child,2024-07-26
842,Paul Estrada,Engineer broadcasting (operations),2023-12-10
843,Joshua Gross,Clinical molecular geneticist,2025-01-01
844,Ashley Jones,Dancer,2022-04-17
845,Brenda Ward,Therapist sports,2023-07-13
846,Julie Jefferson,Housing manager/officer,2021-04-01
847,Ashley Robertson,Homeopath,2020-04-26
848,Ryan Snyder,Programmer multimedia,2022-03-04
849,Kevin Mcintyre,Copywriter advertising,2024-03-25
850,Connie Payne,Seismic interpreter,2021-08-14
851,Michael Smith,Medical technical officer,2021-03-25
852,Thomas Ruiz,Hospital pharmacist,2024-06-14
853,Tina Kelley,Research officer government,2024-01-29
854,Anthony Mitchell,Ceramics designer,2023-10-25
855,Brian Cross,Youth worker,2022-01-22
856,Stacy Moore,Surveyor planning and development,2021-05-28
857,Krista Pope,Retail manager,2022-11-13
858,David Brown,Translator,2024-03-04
859,Anthony Moore DDS,Designer industrial/product,2022-04-04
860,Gary Tanner,Quantity surveyor,2021-07-23
861,Jennifer Garcia,Call centre manager,2024-08-11
862,Gregory Burton,Armed forces training and education officer,2023-12-09
863,Danielle Watts,Embryologist clinical,2023-07-21
864,Lauren Burnett,Community education officer,2024-09-15
865,Catherine Bean,Equality and diversity officer,2024-12-03
866,Matthew Davis III,Accountant chartered management,2020-12-25
867,Marc Peck,Designer graphic,2023-09-25
868,Jessica Jones,Tree surgeon,2022-04-06
869,Peter Bryan,Automotive engineer,2020-06-04
870,Thomas Soto,Chief Marketing Officer,2023-09-05
871,William Lewis,Accountant chartered certified,2024-06-18
872,Cameron Eaton,Management consultant,2022-09-29
873,Samantha Sheppard,Diplomatic Services operational officer,2023-06-21
874,Hunter Wilson,Financial adviser,2020-11-16
875,James Jones,Further education lecturer,2021-04-25
876,Nathan Warren,Curator,2024-09-09
877,Amy Olson,Copy,2023-03-18
878,Alyssa Dunn,Electronics engineer,2023-08-09
879,Ronald Harris,Prison officer,2020-03-17
880,Ryan Baker,Ceramics designer,2021-01-02
881,Crystal Whitehead,Teacher secondary school,2023-12-14
882,Jason Sullivan,Pharmacist community,2023-11-02
883,James Smith,Pensions consultant,2024-07-31
884,Regina Cole,Proofreader,2021-06-03
885,Rebecca Baker,Merchant navy officer,2021-04-29
886,Cheryl Anthony,Personal assistant,2023-10-04
887,Mr. Joshua Bean MD,Water quality scientist,2022-08-23
888,Andrew Anderson,Sports coach,2022-07-15
889,Erica Castillo,Systems analyst,2024-12-29
890,Jessica Gould,Water engineer,2021-02-27
891,Deborah Miller,Teacher primary school,2020-11-10
892,Justin Smith,Industrial buyer,2023-10-06
893,Shannon Clark,Records manager,2022-11-04
894,Emma Hood,Civil Service fast streamer,2024-04-07
895,Karen Gonzalez,Surveyor planning and development,2024-11-04
896,Sarah Scott,Astronomer,2020-02-22
897,Frederick Clark,Product designer,2021-01-03
898,William Holmes,Building services engineer,2022-04-15
899,Michelle Walton,Trade union research officer,2020-10-14
900,Dr. Sherry Chapman,Surveyor rural practice,2021-11-03
901,Gina Park,Surveyor planning and development,2021-12-19
902,Mr. Todd Riley,Civil Service fast streamer,2022-04-18
903,Brandon Castillo,Sales professional IT,2023-11-29
904,Melissa Cordova,Teacher music,2023-08-08
905,Robyn Terry,Glass blower/designer,2022-04-27
906,Bruce Lynch MD,Forensic scientist,2022-09-16
907,Kristen Austin,Radio broadcast assistant,2024-02-12
908,Adrian Mcdaniel,Recycling officer,2022-10-17
909,Craig Cooper,Administrator sports,2024-02-09
910,Chad Michael,Education officer environmental,2025-01-15
911,Anthony Thompson,Historic buildings inspector/conservation officer,2022-10-04
912,Michelle Smith,Cytogeneticist,2020-09-24
913,Renee Parker,Senior tax professional/tax inspector,2022-10-02
914,Heather David,Engineer maintenance,2022-06-26
915,Brittany Burgess,Interpreter,2023-07-08
916,Matthew Dominguez,Control and instrumentation engineer,2024-12-29
917,Ashley Thompson,Music therapist,2023-01-13
918,Lisa Beltran,Editor film/video,2024-10-17
919,Robert Clark,Geoscientist,2023-07-26
920,Angela Tucker,Psychologist counselling,2022-10-30
921,Bradley Gross,Programmer multimedia,2021-11-04
922,Francisco James,Ceramics designer,2021-12-04
923,Dr. Brittany Williams,Commercial/residential surveyor,2024-10-07
924,Stacey Ruiz MD,Tax inspector,2023-02-18
925,Rhonda Wilson,IT consultant,2021-06-01
926,Darrell Jones,Research scientist (maths),2024-01-11
927,Caitlin Mckenzie,Planning and development surveyor,2020-11-09
928,Luis Simpson,Banker,2023-06-01
929,Ian Solomon,Forensic scientist,2021-02-26
930,Reginald Walsh,Horticultural consultant,2022-04-08
931,Paul Smith,Community pharmacist,2021-09-27
932,Jo Ruiz,Public relations officer,2021-12-01
933,Antonio Diaz,Chief Executive Officer,2022-06-11
934,Lawrence Warner,Armed forces training and education officer,2024-04-13
935,Luis Beck,Logistics and distribution manager,2023-01-27
936,Melissa Kramer,Careers information officer,2022-02-04
937,Dennis Smith,Records manager,2023-06-21
938,Catherine Smith,Civil Service fast streamer,2023-10-12
939,Daniel Garner,Soil scientist,2020-03-26
940,Jermaine Reed,Editor magazine features,2024-02-23
941,Philip Stewart,Information systems manager,2023-08-03
942,Stephen Rogers PhD,Product/process development scientist,2020-06-19
943,Angela Adams,Medical technical officer,2024-06-28
944,Larry Bass,Armed forces logistics/support/administrative officer,2021-03-13
945,Matthew Dean,Designer exhibition/display,2021-09-21
946,Ashley Thompson,Scientist marine,2021-09-15
947,Jordan Riggs,Physicist medical,2021-05-29
948,Ivan Bryant,Public relations officer,2020-09-28
949,Brian Osborne,Engineer civil (contracting),2024-01-16
950,Victoria Lawson,Textile designer,2020-10-11
951,Jodi Shannon,Psychologist prison and probation services,2021-10-17
952,Monica Lozano,Lighting technician broadcasting/film/video,2021-02-02
953,Amy Moses,Engineer energy,2022-08-11
954,Michelle Moore,Education officer museum,2022-05-14
955,Barry Aguilar MD,Network engineer,2020-05-03
956,Jeffrey Vang,Financial adviser,2021-11-21
957,Jason Padilla,Engineer manufacturing,2023-04-04
958,Mark Swanson,Chiropractor,2022-09-24
959,Kurt Flores,Ecologist,2020-02-25
960,Beverly Chapman,Horticultural consultant,2022-06-23
961,Benjamin Powell,Product/process development scientist,2021-05-27
962,Keith Morales,Logistics and distribution manager,2024-03-02
963,Rachael Williams,Advertising copywriter,2020-07-04
964,Douglas Sanders,Social researcher,2024-11-13
965,Kelsey Olson,Television production assistant,2024-09-17
966,Dustin Garcia,Restaurant manager fast food,2020-09-24
967,Aimee Burch,Company secretary,2021-10-29
968,Jennifer Smith,Garment/textile technologist,2024-09-23
969,Karen Shaw,Nurse children's,2024-10-25
970,Debra Long,Designer television/film set,2023-07-13
971,Gary Austin,Commercial art gallery manager,2023-01-15
972,Courtney Romero,Call centre manager,2024-02-15
973,Amanda Rowland,Office manager,2023-11-25
974,Kenneth Wright,Energy engineer,2020-12-19
975,Michelle Miller,Community education officer,2021-10-17
976,Justin Hoffman,Learning disability nurse,2022-03-29
977,Wendy Stevenson,Meteorologist,2023-10-03
978,Craig Fernandez,Manufacturing systems engineer,2022-10-26
979,Hunter King,Commercial art gallery manager,2023-12-09
980,Rachel Cabrera,Medical illustrator,2021-09-26
981,Ronald Robinson,Chief Strategy Officer,2021-12-22
982,Charles Kim,Economist,2021-02-09
983,Judith Brooks,Midwife,2024-12-13
984,Holly Bell,Chief Operating Officer,2022-11-07
985,Rebecca Harris,Buyer industrial,2024-06-04
986,Colleen Livingston,Tax inspector,2024-02-08
987,Wendy Duke,Education officer environmental,2022-09-10
988,Jamie Leonard,Company secretary,2021-09-27
989,William Benitez,Press sub,2020-11-21
990,Michael Mercer,Careers adviser,2021-09-17
991,Dennis Powell,Accountant chartered public finance,2021-01-10
992,Elizabeth Martinez,Computer games developer,2021-01-10
993,Misty Miller MD,Housing manager/officer,2023-12-26
994,Alan Lee,Occupational therapist,2024-06-18
995,Denise Mcmahon,Contracting civil engineer,2021-07-20
996,Aaron Houston,Contracting civil engineer,2020-06-20
997,Michael Ayers,Public relations account executive,2023-08-26
998,Tracy Wilson,Facilities manager,2022-11-17
999,Michael Meyer,Metallurgist,2024-03-19
1000,Thomas Lawson,Production assistant radio,2023-02-12
1001,Michael Hall,Special educational needs teacher,2020-12-28
1002,Frank Newman,Chartered legal executive (England and Wales),2024-08-15
1003,Tamara Frost,Dietitian,2021-02-14
1004,Natalie Horn,Site engineer,2020-05-04
1005,Jamie Gilmore,Research scientist (physical sciences),2022-12-28
1006,Brian Craig,Exhibitions officer museum/gallery,2021-10-20
1007,Dylan Olsen,Engineer maintenance,2023-07-14
1008,Shawn Oliver,Administrator charities/voluntary organisations,2024-01-26
1009,Samantha Chavez DDS,Call centre manager,2021-01-22
1010,Jeffrey Bell,Surveyor mining,2023-09-17
1011,Paul Bailey,Dramatherapist,2023-03-15
1012,Mrs. Elizabeth Wolfe,Theme park manager,2021-06-24
1013,Angela Cohen,Learning mentor,2020-02-22
1014,Kirsten Camacho,Public house manager,2023-04-19
1015,Megan Parker,Engineer control and instrumentation,2023-08-04
1016,Timothy Boyd,Chief Marketing Officer,2022-07-09
1017,Jasmine Dalton,Accountant chartered public finance,2021-11-29
1018,Francis Kerr,Medical technical officer,2024-05-29
1019,Patrick Vasquez,Journalist broadcasting,2023-04-11
1020,April Williams,Therapeutic radiographer,2022-11-30
1021,Jacob Parker,Air broker,2021-05-30
1022,Anita Reyes,Teacher adult education,2022-03-07
1023,Allison Gonzalez,Educational psychologist,2022-07-07
1024,Gregg Walker,Quality manager,2023-12-03
1025,Lawrence Hall,Charity fundraiser,2022-04-15
1026,Roger Bauer,Geologist wellsite,2022-02-24
1027,Phyllis Chambers,Health promotion specialist,2022-01-03
1028,David Rodriguez,Producer radio,2020-09-05
1029,Andrew Rodriguez,Fisheries officer,2024-10-05
1030,Samuel Martinez,Chartered management accountant,2023-03-11
1031,Marcus Wheeler,Production assistant radio,2021-11-14
1032,Lisa Gonzales,Amenity horticulturist,2024-03-26
1033,Derrick Cortez MD,Travel agency manager,2022-03-08
1034,Wayne Smith,Exercise physiologist,2024-03-30
1035,Matthew Craig,Barrister's clerk,2024-08-21
1036,Mr. Kevin Johnson,Chief Financial Officer,2023-11-19
1037,Allen Bates,Psychiatrist,2023-05-27
1038,Jenna Gibson,Public relations officer,2021-09-03
1039,Nichole Mendez,Teacher adult education,2020-06-27
1040,Michelle Williams,Retail merchandiser,2023-05-18
1041,Mr. Michael Reyes,Retail manager,2024-01-29
1042,James Bishop,Advertising account planner,2021-11-23
1043,Matthew Trevino,Building surveyor,2024-05-29
1044,Carmen Mcdonald MD,Translator,2024-05-27
1045,Patricia Ellis,Training and development officer,2023-04-01
1046,Kelly Thornton,Doctor hospital,2024-11-23
1047,Jennifer Austin,Toxicologist,2024-06-14
1048,Lisa Garcia,Environmental education officer,2022-10-30
1049,Ian Jackson,Publishing copy,2023-06-20
1050,Lisa Jarvis,Fine artist,2022-08-08
